Workbook

Sheet Datos_y_Modelo
A1: ID | B1: Área (m²) | C1: Habitaciones | D1: Precio Real ($) | F1: Parámetro | G1: Valor | H1: Descripción | I1: Fórmula | K1: ID | L1: Precio Real | M1: Precio Predicho | N1: Residuo (Error)
A2: 1 | B2: 50 | C2: 1 | D2: 175000 | F2: Beta 2 (Habitaciones) | G2: {=INDEX(LINEST(D2:D13, B2:C13, TRUE, TRUE), 1, 1)} -> 12214.188 | H2: Coeficiente de Habitaciones | I2: =INDEX(LINEST(D2:D13, B2:C13, TRUE, TRUE), 1, 1) -> 12214.188 | K2: 1 | L2: 175000 | M2: =$G$4 + $G$3*B2 + $G$2*C2 -> 174012.61 | N2: =L2-M2 -> 987.39496
A3: 2 | B3: 65 | C3: 2 | D3: 220000 | F3: Beta 1 (Área) | G3: {=INDEX(LINEST(D2:D13, B2:C13, TRUE, TRUE), 1, 2)} -> 2466.6308 | H3: Coeficiente de Área | I3: =INDEX(LINEST(D2:D13, B2:C13, TRUE, TRUE), 1, 2) -> 2466.6308 | K3: 2 | L3: 220000 | M3: =$G$4 + $G$3*B3 + $G$2*C3 -> 223226.26 | N3: =L3-M3 -> -3226.2556
A4: 3 | B4: 70 | C4: 2 | D4: 235000 | F4: Beta 0 (Intercepto) | G4: {=INDEX(LINEST(D2:D13, B2:C13, TRUE, TRUE), 1, 3)} -> 38466.875 | H4: Intercepto | I4: =INDEX(LINEST(D2:D13, B2:C13, TRUE, TRUE), 1, 3) -> 38466.875 | K4: 3 | L4: 235000 | M4: =$G$4 + $G$3*B4 + $G$2*C4 -> 235559.41 | N4: =L4-M4 -> -559.40981
A5: 4 | B5: 80 | C5: 3 | D5: 275000 | F5: R² | G5: {=INDEX(LINEST(D2:D13, B2:C13, TRUE, TRUE), 3, 1)} -> 0.99974999 | H5: Coeficiente de Determinación | I5: =INDEX(LINEST(D2:D13, B2:C13, TRUE, TRUE), 3, 1) -> 0.99974999 | K5: 4 | L5: 275000 | M5: =$G$4 + $G$3*B5 + $G$2*C5 -> 272439.91 | N5: =L5-M5 -> 2560.0938
A6: 5 | B6: 95 | C6: 3 | D6: 310000 | K6: 5 | L6: 310000 | M6: =$G$4 + $G$3*B6 + $G$2*C6 -> 309439.37 | N6: =L6-M6 -> 560.63123
A7: 6 | B7: 110 | C7: 3 | D7: 345000 | K7: 6 | L7: 345000 | M7: =$G$4 + $G$3*B7 + $G$2*C7 -> 346438.83 | N7: =L7-M7 -> -1438.8313
A8: 7 | B8: 120 | C8: 4 | D8: 385000 | F8: Nueva Propiedad | G8: Área (m²) | H8: Habitaciones | I8: Precio Predicho | K8: 7 | L8: 385000 | M8: =$G$4 + $G$3*B8 + $G$2*C8 -> 383319.33 | N8: =L8-M8 -> 1680.6723
A9: 8 | B9: 135 | C9: 4 | D9: 420000 | F9: Input: | G9: 75 | H9: 3 | I9: =$G$4 + $G$3*G9 + $G$2*H9 -> 260106.75 | K9: 8 | L9: 420000 | M9: =$G$4 + $G$3*B9 + $G$2*C9 -> 420318.79 | N9: =L9-M9 -> -318.79031
A10: 9 | B10: 150 | C10: 4 | D10: 460000 | K10: 9 | L10: 460000 | M10: =$G$4 + $G$3*B10 + $G$2*C10 -> 457318.25 | N10: =L10-M10 -> 2681.7471
A11: 10 | B11: 165 | C11: 5 | D11: 505000 | K11: 10 | L11: 505000 | M11: =$G$4 + $G$3*B11 + $G$2*C11 -> 506531.9 | N11: =L11-M11 -> -1531.9035
A12: 11 | B12: 180 | C12: 5 | D12: 540000 | K12: 11 | L12: 540000 | M12: =$G$4 + $G$3*B12 + $G$2*C12 -> 543531.37 | N12: =L12-M12 -> -3531.366
A13: 12 | B13: 200 | C13: 5 | D13: 595000 | K13: 12 | L13: 595000 | M13: =$G$4 + $G$3*B13 + $G$2*C13 -> 592863.98 | N13: =L13-M13 -> 2136.0172

Sheet Matriz_Algebraica_OLS
A1: ID | B1: Vector Y (Precio) | D1: ID | E1: 1s (Intercepto) | F1: Área (X1) | G1: Habitaciones (X2) | I1: X^T
A2: 1 | B2: =Datos_y_Modelo!D2 -> 175000 | D2: 1 | E2: 1 | F2: =Datos_y_Modelo!B2 -> 50 | G2: =Datos_y_Modelo!C2 -> 1 | I2: {=TRANSPOSE(E2:G13)} -> 1 | J2: 1 | K2: 1 | L2: 1 | M2: 1 | N2: 1 | O2: 1 | P2: 1 | Q2: 1 | R2: 1 | S2: 1 | T2: 1
A3: 2 | B3: =Datos_y_Modelo!D3 -> 220000 | D3: 2 | E3: 1 | F3: =Datos_y_Modelo!B3 -> 65 | G3: =Datos_y_Modelo!C3 -> 2 | I3: 50 | J3: 65 | K3: 70 | L3: 80 | M3: 95 | N3: 110 | O3: 120 | P3: 135 | Q3: 150 | R3: 165 | S3: 180 | T3: 200
A4: 3 | B4: =Datos_y_Modelo!D4 -> 235000 | D4: 3 | E4: 1 | F4: =Datos_y_Modelo!B4 -> 70 | G4: =Datos_y_Modelo!C4 -> 2 | I4: 1 | J4: 2 | K4: 2 | L4: 3 | M4: 3 | N4: 3 | O4: 4 | P4: 4 | Q4: 4 | R4: 5 | S4: 5 | T4: 5
A5: 4 | B5: =Datos_y_Modelo!D5 -> 275000 | D5: 4 | E5: 1 | F5: =Datos_y_Modelo!B5 -> 80 | G5: =Datos_y_Modelo!C5 -> 3
A6: 5 | B6: =Datos_y_Modelo!D6 -> 310000 | D6: 5 | E6: 1 | F6: =Datos_y_Modelo!B6 -> 95 | G6: =Datos_y_Modelo!C6 -> 3 | I6: X^T * X | O6: X^T * Y
A7: 6 | B7: =Datos_y_Modelo!D7 -> 345000 | D7: 6 | E7: 1 | F7: =Datos_y_Modelo!B7 -> 110 | G7: =Datos_y_Modelo!C7 -> 3 | I7: {=MMULT(I2:T4, E2:G13)} -> 12 | J7: 1420 | K7: 41 | O7: {=MMULT(I2:T4, B2:B13)} -> 4465000
A8: 7 | B8: =Datos_y_Modelo!D8 -> 385000 | D8: 7 | E8: 1 | F8: =Datos_y_Modelo!B8 -> 120 | G8: =Datos_y_Modelo!C8 -> 4 | I8: 1420 | J8: 193900 | K8: 5520 | O8: 600325000
A9: 8 | B9: =Datos_y_Modelo!D9 -> 420000 | D9: 8 | E9: 1 | F9: =Datos_y_Modelo!B9 -> 135 | G9: =Datos_y_Modelo!C9 -> 4 | I9: 41 | J9: 5520 | K9: 159 | O9: 17135000
A10: 9 | B10: =Datos_y_Modelo!D10 -> 460000 | D10: 9 | E10: 1 | F10: =Datos_y_Modelo!B10 -> 150 | G10: =Datos_y_Modelo!C10 -> 4
A11: 10 | B11: =Datos_y_Modelo!D11 -> 505000 | D11: 10 | E11: 1 | F11: =Datos_y_Modelo!B11 -> 165 | G11: =Datos_y_Modelo!C11 -> 5 | I11: (X^T * X)^-1 | O11: Beta
A12: 11 | B12: =Datos_y_Modelo!D12 -> 540000 | D12: 11 | E12: 1 | F12: =Datos_y_Modelo!B12 -> 180 | G12: =Datos_y_Modelo!C12 -> 5 | I12: {=MINVERSE(I7:K9)} -> 0.70295095 | J12: 0.0010553058 | K12: -0.21790111 | O12: {=MMULT(I12:K14, O7:O9)} -> 38466.875
A13: 12 | B13: =Datos_y_Modelo!D13 -> 595000 | D13: 12 | E13: 1 | F13: =Datos_y_Modelo!B13 -> 200 | G13: =Datos_y_Modelo!C13 -> 5 | I13: 0.0010553058 | J13: 0.00044361931 | K13: -0.015673246 | O13: 2466.6308
I14: -0.21790111 | J14: -0.015673246 | K14: 0.60660543 | O14: 12214.188

Sheet Guia_Comparativa_Python
A1: Concepto / Paso | B1: Función / Fórmula en Excel | C1: Código Equivalente en Python | D1: Notas Explicativas
A2: Modelo de Regresión | B2: =ESTIMACION.LINEAL(Y; X; TRUE; TRUE) | C2: model = LinearRegression().fit(X, Y) | D2: En Python se usa scikit-learn. En Excel LINEST (ESTIMACION.LINEAL) devuelve los coeficientes y estadísticas.
A3: Intercepto (Beta 0) | B3: Índice 3 de la 1ra fila de ESTIMACION.LINEAL | C3: model.intercept_ | D3: El valor base cuando todas las variables X son 0.
A4: Coeficientes (Beta 1, Beta 2) | B4: Índices 1 y 2 de la 1ra fila de ESTIMACION.LINEAL | C4: model.coef_ | D4: El impacto de cada variable X en Y.
A5: R² (Coef. Determinación) | B5: Fila 3, Columna 1 de ESTIMACION.LINEAL | C5: model.score(X, Y) o r2_score(Y, Y_pred) | D5: Mide qué tan bien el modelo explica los datos.
A6: Cálculo Matricial Beta | B6: =MMULT(MINVERSA(MMULT(TRANSPONER(X); X)); MMULT(TRANSPONER(X); Y)) | C6: beta = np.linalg.inv(X.T @ X) @ X.T @ Y | D6: Cálculo matemático exacto (Mínimos Cuadrados Ordinarios) bajo el capó.
A7: Predicción | B7: =Beta0 + Beta1*X1 + Beta2*X2 | C7: model.predict([[X1, X2]]) | D7: Se usa la ecuación lineal o el método predict de scikit-learn.
